"name","surname","sex","birthday","phone","email","city","password","HTTPcode"
"Иван","Иванов","male","2011-12-12T12:00:00.000Z",79999999999,"example@email.com","65cc3b3bbcb77dd7ac067942","Asd1a#$%*",409
"Я","Й","male","2010-02-20T12:00:00.000Z",79999998999,"2kjk12@jhbn.ru","65cc3b3bbcb77dd7ac067942","Asd1a*",201
"Ерёма","Фёдоров","male","2010-02-19T12:00:00.000Z",79999998999,"ggvd@Томск.рф","65cc3b3bbcb77dd7ac067942","Asd1a*",201
"Ерёма","Фёдоров","male","2008-02-29T12:00:00.000Z",79999998999,"x@mail.ru ","65cc3b3bbcb77dd7ac067942","1fh#TH ",201
"фёкла (К'атера), КАТРИН Мария-Анна. ЙоанV и ДанIИл","Фёдоров","female","2010-02-22T12:00:00.000Z",79999998999,"simple@bk.ru ","65cc3b3bbcb77dd7ac067942","1fh#TH 1487",201
"Ерёма","ус Королёв, О'Коннор. Мамин-Събиряк (ИвАНов VI) УС","male","2010-02-24T12:00:00.000Z",79999998999,"example@email.com","65cc3b3bbcb77dd7ac067942","!@#$%^&*()-_+=;:,12FTGjgjhgfghv6",201
"Ерёма","Фёдоров","male","2010-02-20T12:00:00.000Z",79999998999,"randomEmail","65cc3b3bbcb77dd7ac067942","1987./?\\|`~{}<>[]“‘«»FSRhkfngk",201
,"Фёдоров","male","2010-02-19T12:00:00.000Z",79999998999,"18@jhbn.ru","65cc3b3bbcb77dd7ac067942","1fh#TH18",400
";Иван ?№","Фёдоров","male","2010-02-19T12:00:00.000Z",79999998999,"19@jhbn.ru","65cc3b3bbcb77dd7ac067942","1fh#TH19",400
"阿纳斯塔西娅  安东宁娜","Фёдоров","male","2010-02-19T12:00:00.000Z",79999998999,"20@jhbn.ru","65cc3b3bbcb77dd7ac067942","1fh#TH20",400
"\"";SELECT * FROM users;//","Фёдоров","male","2010-02-19T12:00:00.000Z",79999998999,"21@jhbn.ru","65cc3b3bbcb77dd7ac067942","1fh#TH21",400
"<H1> Привет </H1>","Фёдоров","male","2010-02-19T12:00:00.000Z",79999998999,"22@jhbn.ru","65cc3b3bbcb77dd7ac067942","1fh#TH22",400
"<script>alert(123)</script>","Фёдоров","male","2010-02-19T12:00:00.000Z",79999998999,"23@jhbn.ru","65cc3b3bbcb77dd7ac067942","1fh#TH23",400
" Нина","Фёдоров","male","2010-02-19T12:00:00.000Z",79999998999,"24@jhbn.ru","65cc3b3bbcb77dd7ac067942","1fh#TH24",201
"Нина  ","Фёдоров","male","2010-02-19T12:00:00.000Z",79999998999,"25@jhbn.ru","65cc3b3bbcb77dd7ac067942","1fh#TH25",201
"Fyyf","Фёдоров","male","2010-02-19T12:00:00.000Z",79999998999,"26@jhbn.ru","65cc3b3bbcb77dd7ac067942","1fh#TH26",400
"фёкла (К'атера), КАТРИН Мария-Анна. ЙоанV и ДанИИлрн","Фёдоров","male","2010-02-19T12:00:00.000Z",79999998999,"27@jhbn.ru","65cc3b3bbcb77dd7ac067942","1fh#TH27",400
12546,"Фёдоров","male","2010-02-19T12:00:00.000Z",79999998999,"28@jhbn.ru","65cc3b3bbcb77dd7ac067942","1fh#TH28",400
"полодлтьтмтисптпаролтмсаппарорлоьтьммисимситиьтьтьь","Фёдоров","male","2010-02-19T12:00:00.000Z",79999998999,"29@jhbn.ru","65cc3b3bbcb77dd7ac067942","1fh#TH29",400
"%&?*)({}/","Фёдоров","male","2010-02-19T12:00:00.000Z",79999998999,"30@jhbn.ru","65cc3b3bbcb77dd7ac067942","1fh#TH30",400
"null","Фёдоров","male","2010-02-19T12:00:00.000Z",79999998999,"31@jhbn.ru","65cc3b3bbcb77dd7ac067942","1fh#TH31",400
"00000000","Фёдоров","male","2010-02-19T12:00:00.000Z",79999998999,"32@jhbn.ru","65cc3b3bbcb77dd7ac067942","1fh#TH32",400
"              ","Фёдоров","male","2010-02-19T12:00:00.000Z",79999998999,"33@jhbn.ru","65cc3b3bbcb77dd7ac067942","1fh#TH33",400
"Ерёма","@Иванов & *+ ","male","2010-02-19T12:00:00.000Z",79999998999,"34@jhbn.ru","65cc3b3bbcb77dd7ac067942","1fh#TH34",400
"Ерёма","陈 赵 陈 赵 ","male","2010-02-19T12:00:00.000Z",79999998999,"35@jhbn.ru","65cc3b3bbcb77dd7ac067942","1fh#TH35",400
"Ерёма","      ","male","2010-02-19T12:00:00.000Z",79999998999,"36@jhbn.ru","65cc3b3bbcb77dd7ac067942","1fh#TH36",400
"Ерёма","\;SELECT * FROM users;//","male","2010-02-19T12:00:00.000Z",79999998999,"37@jhbn.ru","65cc3b3bbcb77dd7ac067942","1fh#TH37",400
"Ерёма","<H1> Привет </H1> ","male","2010-02-19T12:00:00.000Z",79999998999,"38@jhbn.ru","65cc3b3bbcb77dd7ac067942","1fh#TH38",400
"Ерёма","<script>alert(123)</script> ","male","2010-02-19T12:00:00.000Z",79999998999,"39@jhbn.ru","65cc3b3bbcb77dd7ac067942","1fh#TH39",400
"Ерёма"," Соколов ","male","2010-02-19T12:00:00.000Z",79999998999,"40@jhbn.ru","65cc3b3bbcb77dd7ac067942","1fh#TH40",201
"Ерёма","Соколов ","male","2010-02-19T12:00:00.000Z",79999998999,"41@jhbn.ru","65cc3b3bbcb77dd7ac067942","1fh#TH41",201
"Ерёма","Bdfyjd ","male","2010-02-19T12:00:00.000Z",79999998999,"42@jhbn.ru","65cc3b3bbcb77dd7ac067942","1fh#TH42",400
"Ерёма","ус Королёв, О'Коннор. Мамин-Събиряк (ИвАНов VI) УС ","female","2010-02-19T12:00:00.000Z",79999998999,"43@jhbn.ru","65cc3b3bbcb77dd7ac067942","1fh#TH43",400
"Ерёма",21587,"male","2010-02-19T12:00:00.000Z",79999998999,"44@jhbn.ru","65cc3b3bbcb77dd7ac067942","1fh#TH44",400
"Ерёма","полодлтьтмтисптпаролтмсаппарорлоьтьммисимситиьтьтьь ","male","2010-02-19T12:00:00.000Z",79999998999,"45@jhbn.ru","65cc3b3bbcb77dd7ac067942","1fh#TH45",400
"Ерёма","null","male","2010-02-19T12:00:00.000Z",79999998999,"46@jhbn.ru","65cc3b3bbcb77dd7ac067942","1fh#TH46",400
"Ерёма","00000000","male","2010-02-19T12:00:00.000Z",79999998999,"47@jhbn.ru","65cc3b3bbcb77dd7ac067942","1fh#TH47",400
"Ерёма","              ","male","2010-02-19T12:00:00.000Z",79999998999,"48@jhbn.ru","65cc3b3bbcb77dd7ac067942","1fh#TH48",400
"Ерёма","Фёдоров",,"2010-02-19T12:00:00.000Z",79999998999,"49@jhbn.ru","65cc3b3bbcb77dd7ac067942","1fh#TH49",400
"Ерёма","Фёдоров",446286,"2010-02-19T12:00:00.000Z",79999998999,"50@jhbn.ru","65cc3b3bbcb77dd7ac067942","1fh#TH50",400
"Ерёма","Фёдоров","fgtr","2010-02-19T12:00:00.000Z",79999998999,"51@jhbn.ru","65cc3b3bbcb77dd7ac067942","1fh#TH51",400
"Ерёма","Фёдоров","аррм","2010-02-19T12:00:00.000Z",79999998999,"52@jhbn.ru","65cc3b3bbcb77dd7ac067942","1fh#TH52",400
"Ерёма","Фёдоров","null","2010-02-19T12:00:00.000Z",79999998999,"53@jhbn.ru","65cc3b3bbcb77dd7ac067942","1fh#TH53",400
"Ерёма","Фёдоров","          ","2010-02-19T12:00:00.000Z",79999998999,"54@jhbn.ru","65cc3b3bbcb77dd7ac067942","1fh#TH54",400
"Ерёма","Фёдоров","\"";SELECT * FROM users;//","2010-02-19T12:00:00.000Z",79999998999,"55@jhbn.ru","65cc3b3bbcb77dd7ac067942","1fh#TH55",400
"Ерёма","Фёдоров","<H1> Привет </H1> ","2010-02-19T12:00:00.000Z",79999998999,"56@jhbn.ru","65cc3b3bbcb77dd7ac067942","1fh#TH56",400
"Ерёма","Фёдоров","<script>alert(123)</script> ","2010-02-19T12:00:00.000Z",79999998999,"57@jhbn.ru","65cc3b3bbcb77dd7ac067942","1fh#TH57",400
"Ерёма","Фёдоров","00000000","2010-02-19T12:00:00.000Z",79999998999,"58@jhbn.ru","65cc3b3bbcb77dd7ac067942","1fh#TH58",400
"Ерёма","Фёдоров","female","1970-01-01T12:00:00.000Z",79999998999,"59@jhbn.ru","65cc3b3bbcb77dd7ac067942","1fh#TH59",400
"Ерёма","Фёдоров","female","1900-01-01T12:00:00.000Z",79999998999,"60@jhbn.ru","65cc3b3bbcb77dd7ac067942","1fh#TH60",400
"Ерёма","Фёдоров","female","0001-01-01T12:00:00.000Z",79999998999,"61@jhbn.ru","65cc3b3bbcb77dd7ac067942","1fh#TH61",400
"Ерёма","Фёдоров","female","2024-02-20T12:00:00.000Z",79999998999,"62@jhbn.ru","65cc3b3bbcb77dd7ac067942","1fh#TH62",400
"Ерёма","Фёдоров","female","@&^%#",79999998999,"63@jhbn.ru","65cc3b3bbcb77dd7ac067942","1fh#TH63",400
"Ерёма","Фёдоров","female","дата ",79999998999,"64@jhbn.ru","65cc3b3bbcb77dd7ac067942","1fh#TH64",400
"Ерёма","Фёдоров","female","                                              ",79999998999,"65@jhbn.ru","65cc3b3bbcb77dd7ac067942","1fh#TH65",400
"Ерёма","Фёдоров","female",123456789,79999998999,"66@jhbn.ru","65cc3b3bbcb77dd7ac067942","1fh#TH66",400
"Ерёма","Фёдоров","female","<H1> Привет </H1> ",79999998999,"67@jhbn.ru","65cc3b3bbcb77dd7ac067942","1fh#TH67",400
"Ерёма","Фёдоров","female","<script>alert(123)</script> ",79999998999,"68@jhbn.ru","65cc3b3bbcb77dd7ac067942","1fh#TH68",400
"Ерёма","Фёдоров","fеmale","00.01.2000 ",79999998999,"69@jhbn.ru","65cc3b3bbcb77dd7ac067942","1fh#TH69",400
"Ерёма","Фёдоров","female","2000-00-20T12:00:00.000Z",79999998999,"70@jhbn.ru","65cc3b3bbcb77dd7ac067942","1fh#TH70",400
"Ерёма","Фёдоров","female","2001-02-00T12:00:00.000Z",79999998999,"71@jhbn.ru","65cc3b3bbcb77dd7ac067942","1fh#TH71",400
"Ерёма","Фёдоров","female","0000-02-20T12:00:00.000Z",79999998999,"72@jhbn.ru","65cc3b3bbcb77dd7ac067942","1fh#TH72",400
"Ерёма","Фёдоров","female","2009-02-30T12:00:00.000Z",79999998999,"73@jhbn.ru","65cc3b3bbcb77dd7ac067942","1fh#TH73",400
"Ерёма","Фёдоров","female","2008-02-30T12:00:00.000Z",79999998999,"74@jhbn.ru","65cc3b3bbcb77dd7ac067942","1fh#TH74",400
"Ерёма","Фёдоров","female","2008-01-32T12:00:00.000Z",79999998999,"75@jhbn.ru","65cc3b3bbcb77dd7ac067942","1fh#TH75",400
"Ерёма","Фёдоров","female","2008-13-01T12:00:00.000Z",79999998999,"76@jhbn.ru","65cc3b3bbcb77dd7ac067942","1fh#TH76",400
"Ерёма","Фёдоров","female","2009-02-29T12:00:00.000Z",79999998999,"77@jhbn.ru","65cc3b3bbcb77dd7ac067942","1fh#TH77",400
"Ерёма","Фёдоров","male","2010-02-23T12:00:00.000Z",79999998999,"78@jhbn.ru","65cc3b3bbcb77dd7ac067942","1fh#TH78",400
"Ерёма","Фёдоров","male",,79999998999,"79@jhbn.ru","65cc3b3bbcb77dd7ac067942","1fh#TH79",400
"Ерёма","Фёдоров","male","2010-02-20T12:00:00.000Z",9054058890,"80@jhbn.ru","65cc3b3bbcb77dd7ac067942","1fh#TH80",400
"Ерёма","Фёдоров","male","2010-02-20T12:00:00.000Z","905-405-88-90 ","81@jhbn.ru","65cc3b3bbcb77dd7ac067942","1fh#TH81",400
"Ерёма","Фёдоров","male","2010-02-20T12:00:00.000Z",89054058890,"82@jhbn.ru","65cc3b3bbcb77dd7ac067942","1fh#TH82",400
"Ерёма","Фёдоров","male","2010-02-20T12:00:00.000Z","@&^%# ","83@jhbn.ru","65cc3b3bbcb77dd7ac067942","1fh#TH83",400
"Ерёма","Фёдоров","male","2010-02-20T12:00:00.000Z","дата","84@jhbn.ru","65cc3b3bbcb77dd7ac067942","1fh#TH84",400
"Ерёма","Фёдоров","male","2010-02-20T12:00:00.000Z",,"85@jhbn.ru","65cc3b3bbcb77dd7ac067942","1fh#TH85",400
"Ерёма","Фёдоров","male","2010-02-20T12:00:00.000Z","           ","86@jhbn.ru","65cc3b3bbcb77dd7ac067942","1fh#TH86",400
"Ерёма","Фёдоров","male","2010-02-20T12:00:00.000Z",890831436541,"87@jhbn.ru","65cc3b3bbcb77dd7ac067942","1fh#TH87",400
"Ерёма","Фёдоров","male","2010-02-20T12:00:00.000Z","<H1> Привет </H1>","88@jhbn.ru","65cc3b3bbcb77dd7ac067942","1fh#TH88",400
"Ерёма","Фёдоров","male","2010-02-20T12:00:00.000Z","<script>alert(123)</script>","89@jhbn.ru","65cc3b3bbcb77dd7ac067942","1fh#TH89",400
"Ерёма","Фёдоров","male","2010-02-20T12:00:00.000Z","date","90@jhbn.ru","65cc3b3bbcb77dd7ac067942","1fh#TH90",400
"Ерёма","Фёдоров","male","2010-02-20T12:00:00.000Z","000000000000","91@jhbn.ru","65cc3b3bbcb77dd7ac067942","1fh#TH91",400
"Ерёма","Фёдоров","male","2010-02-20T12:00:00.000Z","8-908-310-35-35","92@jhbn.ru","65cc3b3bbcb77dd7ac067942","1fh#TH92",400
"Ерёма","Фёдоров","male","2010-02-20T12:00:00.000Z","8-908-31-35-356","93@jhbn.ru","65cc3b3bbcb77dd7ac067942","1fh#TH93",400
"Ерёма","Фёдоров","male","2010-02-20T12:00:00.000Z","7-908-310-36-57","94@jhbn.ru","65cc3b3bbcb77dd7ac067942","1fh#TH94",400
"Ерёма","Фёдоров","male","2010-02-20T12:00:00.000Z","7-908-31-32-123","95@jhbn.ru","65cc3b3bbcb77dd7ac067942","1fh#TH95",400
"Ерёма","Фёдоров","male","2010-02-20T12:00:00.000Z",79999998999,"             ","65cc3b3bbcb77dd7ac067942","1fh#TH96",400
"Ерёма","Фёдоров","male","2010-02-20T12:00:00.000Z",79999998999,"\"";SELECT * FROM users;//","65cc3b3bbcb77dd7ac067942","1fh#TH97",400
"Ерёма","Фёдоров","male","2010-02-20T12:00:00.000Z",79999998999,"<H1> Привет </H1>","65cc3b3bbcb77dd7ac067942","1fh#TH98",400
"Ерёма","Фёдоров","male","2010-02-20T12:00:00.000Z",79999998999,"<script>alert(""123"")</script>","65cc3b3bbcb77dd7ac067942","1fh#TH99",400
"Ерёма","Фёдоров","male","2010-02-20T12:00:00.000Z",79999998999,"nbhfdcbnjnnhgfghhgghbvbmbnbngddhhjfjfngjdlj309jvcsfrvcxnnjvdhdmcvcvcxccghhjhhsghkkhjjhmvfghtrxvv@hfcghhjkkjkjmjhjfjhgjhjhgjhjhhjkkgdtrbnjfkflgkfhdfshffhgkhhkgjfhyturmvnvbcvcvcnvkglbvbcnmcmvlkbhckdlgmbdvhvbkgmfbdhvinlghgmnfhjbmbfjdhgdgfkgljjjghdgdfkvnidlh.ru","65cc3b3bbcb77dd7ac067942","1fh#TH100",400
"Ерёма","Фёдоров","male","2010-02-20T12:00:00.000Z",79999998999,"000000@0000.00","65cc3b3bbcb77dd7ac067942","1fh#TH101",400
"Ерёма","Фёдоров","male","2010-02-20T12:00:00.000Z",79999998999,"Машенька","65cc3b3bbcb77dd7ac067942","1fh#TH102",400
"Ерёма","Фёдоров","male","2010-02-20T12:00:00.000Z",79999998999,"@mailru","65cc3b3bbcb77dd7ac067942","1fh#TH103",400
"Ерёма","Фёдоров","male","2010-02-20T12:00:00.000Z",79999998999,"mail.ru","65cc3b3bbcb77dd7ac067942","1fh#TH104",400
"Ерёма","Фёдоров","male","2010-02-20T12:00:00.000Z",79999998999,"fngm@hfcghgjhjkkjkjmjhkyujfjhgjhjhgjhgjhjhhjkkgdtrybndjmjhhkvnidlh.ru","65cc3b3bbcb77dd7ac067942","1fh#TH105",400
"Ерёма","Фёдоров","male","2010-02-20T12:00:00.000Z",79999998999,"root'})// ","65cc3b3bbcb77dd7ac067942","1fh#TH106",400
"Ерёма","Фёдоров","male","2010-02-20T12:00:00.000Z",79999998999,"admin'})// ","65cc3b3bbcb77dd7ac067942","1fh#TH107",400
"Ерёма","Фёдоров","male","2010-02-20T12:00:00.000Z",79999998999,"96@jhbn.ru","65cc3b3bbcb77dd7ac067942","1fh#TH108",400
"Ерёма","Фёдоров","male","2010-02-20T12:00:00.000Z",79999998999,"97@jhbn.ru","ghgjhku","1fh#TH109",400
"Ерёма","Фёдоров","male","2010-02-20T12:00:00.000Z",79999998999,"98@jhbn.ru",565765,"1fh#TH110",400
"Ерёма","Фёдоров","male","2010-02-20T12:00:00.000Z",79999998999,"99@jhbn.ru",,"1fh#TH111",400
"Ерёма","Фёдоров","male","2010-02-20T12:00:00.000Z",79999998999,"100@jhbn.ru","                 ","1fh#TH112",400
"Ерёма","Фёдоров","male","2010-02-20T12:00:00.000Z",79999998999,"101@jhbn.ru",1234567891012,"1fh#TH113",400
"Ерёма","Фёдоров","male","2010-02-20T12:00:00.000Z",79999998999,"102@jhbn.ru","<H1> Привет </H1>","1fh#TH114",400
"Ерёма","Фёдоров","male","2010-02-20T12:00:00.000Z",79999998999,"103@jhbn.ru","<script>alert(123)</script>","1fh#TH115",400
"Ерёма","Фёдоров","male","2010-02-20T12:00:00.000Z",79999998999,"104@jhbn.ru","date","1fh#TH116",400
"Ерёма","Фёдоров","male","2010-02-20T12:00:00.000Z",79999998999,"105@jhbn.ru","000000000000","1fh#TH117",400
"Ерёма","Фёдоров","male","2010-02-20T12:00:00.000Z",79999998999,"106@jhbn.ru","root'})//","1fh#TH118",400
"Ерёма","Фёдоров","male","2010-02-20T12:00:00.000Z",79999998999,"107@jhbn.ru","admin'})//","1fh#TH119",400
"Ерёма","Фёдоров","male","2010-02-20T12:00:00.000Z",79999998999,"108@jhbn.ru","65cc3b3bbcb77dd7ac067942","!@#$%^&*()-_+=;:,./?\|`~{aABb243f",400
"Ерёма","Фёдоров","male","2010-02-20T12:00:00.000Z",79999998999,"109@jhbn.ru","65cc3b3bbcb77dd7ac067942","              ",400
"Ерёма","Фёдоров","male","2010-02-20T12:00:00.000Z",79999998999,"110@jhbn.ru","65cc3b3bbcb77dd7ac067942",,400
"Ерёма","Фёдоров","male","2010-02-20T12:00:00.000Z",79999998999,"111@jhbn.ru","65cc3b3bbcb77dd7ac067942","пробелы",400
"Ерёма","Фёдоров","male","2010-02-20T12:00:00.000Z",79999998999,"112@jhbn.ru","65cc3b3bbcb77dd7ac067942","\"";SELECT * FROM users;//",400
"Ерёма","Фёдоров","male","2010-02-20T12:00:00.000Z",79999998999,"113@jhbn.ru","65cc3b3bbcb77dd7ac067942","<H1> Привет </H1>",400
"Ерёма","Фёдоров","male","2010-02-20T12:00:00.000Z",79999998999,"114@jhbn.ru","65cc3b3bbcb77dd7ac067942","<script>alert(""123"")</script>",400
"Ерёма","Фёдоров","male","2010-02-20T12:00:00.000Z",79999998999,"115@jhbn.ru","65cc3b3bbcb77dd7ac067942","fhfhfh158#%",400
"Ерёма","Фёдоров","male","2010-02-20T12:00:00.000Z",79999998999,"116@jhbn.ru","65cc3b3bbcb77dd7ac067942","GJGHK158*$",400
"Ерёма","Фёдоров","male","2010-02-20T12:00:00.000Z",79999998999,"117@jhbn.ru","65cc3b3bbcb77dd7ac067942","GtGNDghv158",400
"Ерёма","Фёдоров","male","2010-02-20T12:00:00.000Z",79999998999,"118@jhbn.ru","65cc3b3bbcb77dd7ac067942","MVCMvmbm***$%#",400
"Ерёма","Фёдоров","male","2010-02-20T12:00:00.000Z",79999998999,"119@jhbn.ru","65cc3b3bbcb77dd7ac067942","root'})//",400
"Ерёма","Фёдоров","male","2010-02-20T12:00:00.000Z",79999998999,"120@jhbn.ru","65cc3b3bbcb77dd7ac067942","admin'})//",400
"Ерёма","Фёдоров","male","2010-02-20T12:00:00.000Z",79999998999,"121@jhbn.ru","65cc3b3bbcb77dd7ac067942","              ",400
"Ерёма","Фёдоров","male","2010-02-20T12:00:00.000Z",79999998999,"122@jhbn.ru","65cc3b3bbcb77dd7ac067942","1Hh 8*",200
"Ерёма","Фёдоров","male","2010-02-20T12:00:00.000Z",79999998999,"123@jhbn.ru","65cc3b3bbcb77dd7ac067942","111*kj",400
"Ерёма","Фёдоров","male","2010-02-20T12:00:00.000Z",79999998999,"124@jhbn.ru","65cc3b3bbcb77dd7ac067942","NN11**",400
"Ерёма","Фёдоров","male","2010-02-20T12:00:00.000Z",79999998999,"125@jhbn.ru","65cc3b3bbcb77dd7ac067942","Nnyy**",400
"Ерёма","Фёдоров","male","2010-02-20T12:00:00.000Z",79999998999,"126@jhbn.ru","65cc3b3bbcb77dd7ac067942","uU11oO",400
"Ерёма","Фёдоров","male","2010-02-20T12:00:00.000Z",79999998999,"127@jhbn.ru","65cc3b3bbcb77dd7ac067942","娜Hy17*%",400
